company,domain,skill
Google,Frontend,JavaScript
Google,Frontend,React
Google,Frontend,CSS
Google,Frontend,HTML
Amazon,Data,Tableau
Amazon,Data,Power BI
Amazon,Data,SQL
Amazon,Data,Excel
Microsoft,Cloud,Docker
Microsoft,Cloud,AWS
Microsoft,Cloud,Kubernetes
Microsoft,Cloud,Azure
Apple,Data,Excel
Apple,Data,Power BI
Apple,Data,Tableau
Apple,Data,SQL
Meta,AI,Artificial Intelligence
Meta,AI,Deep Learning
Meta,AI,Python
Meta,AI,Data Analysis
Meta,AI,Machine Learning
Netflix,Backend,Spring Boot
Netflix,Backend,Java
Netflix,Backend,Node.js
IBM,Data,SQL
IBM,Data,Python
IBM,Data,Power BI
IBM,Data,Tableau
Oracle,Backend,Java
Oracle,Backend,Spring Boot
Oracle,Backend,SQL
Oracle,Backend,Node.js
Intel,AI,Deep Learning
Intel,AI,Artificial Intelligence
Intel,AI,Python
Intel,AI,Data Analysis
Nvidia,Cloud,DevOps
Nvidia,Cloud,Kubernetes
Nvidia,Cloud,AWS
Nvidia,Cloud,Azure
Nvidia,Cloud,Docker
Salesforce,Backend,Java
Salesforce,Backend,SQL
Salesforce,Backend,Node.js
Salesforce,Backend,Spring Boot
Adobe,Cloud,Docker
Adobe,Cloud,DevOps
Adobe,Cloud,AWS
Adobe,Cloud,Azure
Adobe,Cloud,Kubernetes
Uber,Backend,Node.js
Uber,Backend,SQL
Uber,Backend,Spring Boot
Airbnb,Data,Power BI
Airbnb,Data,Python
Airbnb,Data,Excel
Airbnb,Data,Tableau
Accenture,Frontend,HTML
Accenture,Frontend,CSS
Accenture,Frontend,React
TCS,AI,Artificial Intelligence
TCS,AI,Deep Learning
TCS,AI,Data Analysis
TCS,AI,Machine Learning
TCS,AI,Python
Infosys,Cloud,AWS
Infosys,Cloud,DevOps
Infosys,Cloud,Azure
Wipro,AI,Machine Learning
Wipro,AI,Data Analysis
Wipro,AI,Artificial Intelligence
HCL,Frontend,CSS
HCL,Frontend,HTML
HCL,Frontend,React
HCL,Frontend,JavaScript
Capgemini,AI,Data Analysis
Capgemini,AI,Artificial Intelligence
Capgemini,AI,Machine Learning
Capgemini,AI,Python
Cognizant,Backend,Node.js
Cognizant,Backend,SQL
Cognizant,Backend,Java
Zoho,Backend,Spring Boot
Zoho,Backend,Node.js
Zoho,Backend,SQL
Flipkart,AI,Deep Learning
Flipkart,AI,Machine Learning
Flipkart,AI,Python
Flipkart,AI,Artificial Intelligence
Paytm,AI,Machine Learning
Paytm,AI,Python
Paytm,AI,Artificial Intelligence
Paytm,AI,Data Analysis
Paytm,AI,Deep Learning
Byju's,Cloud,Azure
Byju's,Cloud,AWS
Byju's,Cloud,DevOps
Byju's,Cloud,Docker
Byju's,Cloud,Kubernetes
SAP,Cloud,Azure
SAP,Cloud,AWS
SAP,Cloud,Kubernetes
SAP,Cloud,Docker
Dell,Cloud,DevOps
Dell,Cloud,Azure
Dell,Cloud,AWS
Dell,Cloud,Kubernetes
Dell,Cloud,Docker
HP,AI,Machine Learning
HP,AI,Deep Learning
HP,AI,Python
HP,AI,Artificial Intelligence
Cisco,Backend,SQL
Cisco,Backend,Spring Boot
Cisco,Backend,Node.js
Samsung,Data,Python
Samsung,Data,Tableau
Samsung,Data,SQL
Sony,Backend,Node.js
Sony,Backend,Spring Boot
Sony,Backend,Java
Qualcomm,Data,Excel
Qualcomm,Data,Power BI
Qualcomm,Data,SQL
Vertex Software Group,AI,Artificial Intelligence
Vertex Software Group,AI,Data Analysis
Vertex Software Group,AI,Machine Learning
Skyline Software Systems,AI,Artificial Intelligence
Skyline Software Systems,AI,Python
Skyline Software Systems,AI,Data Analysis
Skyline Software Systems,AI,Machine Learning
Vertex Systems Inc,Data,Python
Vertex Systems Inc,Data,SQL
Vertex Systems Inc,Data,Tableau
Dynamic Tech Pvt Ltd,Data,Excel
Dynamic Tech Pvt Ltd,Data,Power BI
Dynamic Tech Pvt Ltd,Data,SQL
Dynamic Tech Pvt Ltd,Data,Tableau
Dynamic Tech Pvt Ltd,Data,Python
Nova Software Group,Data,Tableau
Nova Software Group,Data,Python
Nova Software Group,Data,Power BI
Nova Software Group,Data,Excel
Nova Software Group,Data,SQL
Pioneer Data Group,Frontend,JavaScript
Pioneer Data Group,Frontend,CSS
Pioneer Data Group,Frontend,HTML
Pioneer Data Group,Frontend,React
Prime Digital Inc,Frontend,React
Prime Digital Inc,Frontend,JavaScript
Prime Digital Inc,Frontend,HTML
Prime Digital Inc,Frontend,CSS
Nova Computing Solutions,Backend,SQL
Nova Computing Solutions,Backend,Spring Boot
Nova Computing Solutions,Backend,Node.js
Nova Computing Solutions,Backend,Java
Prime Computing Pvt Ltd,AI,Python
Prime Computing Pvt Ltd,AI,Artificial Intelligence
Prime Computing Pvt Ltd,AI,Data Analysis
Synergy AI Pvt Ltd,Backend,Java
Synergy AI Pvt Ltd,Backend,Spring Boot
Synergy AI Pvt Ltd,Backend,SQL
Vertex Software Pvt Ltd,AI,Deep Learning
Vertex Software Pvt Ltd,AI,Artificial Intelligence
Vertex Software Pvt Ltd,AI,Data Analysis
Vertex Software Pvt Ltd,AI,Python
Nova Data Systems,Backend,Spring Boot
Nova Data Systems,Backend,Java
Nova Data Systems,Backend,Node.js
Nova Data Systems,Backend,SQL
Dynamic Cloud Corp,Frontend,React
Dynamic Cloud Corp,Frontend,JavaScript
Dynamic Cloud Corp,Frontend,HTML
Synergy Cloud Technologies,AI,Data Analysis
Synergy Cloud Technologies,AI,Machine Learning
Synergy Cloud Technologies,AI,Artificial Intelligence
Synergy Cloud Technologies,AI,Python
Prime Labs Pvt Ltd,Data,Power BI
Prime Labs Pvt Ltd,Data,Python
Prime Labs Pvt Ltd,Data,Tableau
Prime Labs Pvt Ltd,Data,SQL
Prime Labs Pvt Ltd,Data,Excel
Rapid AI Technologies,Backend,Java
Rapid AI Technologies,Backend,Node.js
Rapid AI Technologies,Backend,Spring Boot
Rapid AI Technologies,Backend,SQL
Global Software Solutions,AI,Python
Global Software Solutions,AI,Data Analysis
Global Software Solutions,AI,Deep Learning
Core AI Pvt Ltd,Data,Tableau
Core AI Pvt Ltd,Data,Excel
Core AI Pvt Ltd,Data,SQL
Synergy Systems Technologies,Backend,Spring Boot
Synergy Systems Technologies,Backend,SQL
Synergy Systems Technologies,Backend,Node.js
Global Software Inc,Data,Python
Global Software Inc,Data,Excel
Global Software Inc,Data,Tableau
Global Software Inc,Data,Power BI
Global Software Inc,Data,SQL
Elite Infotech Group,AI,Artificial Intelligence
Elite Infotech Group,AI,Data Analysis
Elite Infotech Group,AI,Machine Learning
Elite Infotech Group,AI,Deep Learning
Rapid Solutions Group,Frontend,JavaScript
Rapid Solutions Group,Frontend,HTML
Rapid Solutions Group,Frontend,React
Rapid Solutions Group,Frontend,CSS
Prime Systems Technologies,Frontend,HTML
Prime Systems Technologies,Frontend,CSS
Prime Systems Technologies,Frontend,JavaScript
BlueCore Infotech Group,Data,Power BI
BlueCore Infotech Group,Data,Python
BlueCore Infotech Group,Data,Tableau
BlueCore Infotech Group,Data,SQL
BlueCore Infotech Group,Data,Excel
Fusion Infotech Group,AI,Deep Learning
Fusion Infotech Group,AI,Machine Learning
Fusion Infotech Group,AI,Python
Apex Computing Corp,Backend,Spring Boot
Apex Computing Corp,Backend,Java
Apex Computing Corp,Backend,Node.js
Apex Computing Corp,Backend,SQL
Apex AI Technologies,Frontend,JavaScript
Apex AI Technologies,Frontend,CSS
Apex AI Technologies,Frontend,React
Core Infotech Group,Data,Power BI
Core Infotech Group,Data,Python
Core Infotech Group,Data,SQL
Core Infotech Group,Data,Tableau
Core Infotech Group,Data,Excel
Elite Computing Solutions,AI,Python
Elite Computing Solutions,AI,Deep Learning
Elite Computing Solutions,AI,Artificial Intelligence
Elite Computing Solutions,AI,Machine Learning
Skyline Networks Group,Data,Tableau
Skyline Networks Group,Data,Power BI
Skyline Networks Group,Data,Python
Skyline Networks Group,Data,SQL
Apex Technologies Solutions,AI,Machine Learning
Apex Technologies Solutions,AI,Artificial Intelligence
Apex Technologies Solutions,AI,Deep Learning
Apex Technologies Solutions,AI,Data Analysis
Synergy Data Inc,AI,Python
Synergy Data Inc,AI,Machine Learning
Synergy Data Inc,AI,Artificial Intelligence
Synergy Data Inc,AI,Deep Learning
Apex AI Ltd,Data,Tableau
Apex AI Ltd,Data,Power BI
Apex AI Ltd,Data,Excel
Nova Technologies Systems,Backend,Spring Boot
Nova Technologies Systems,Backend,Java
Nova Technologies Systems,Backend,Node.js
Vertex Analytics Corp,Data,Python
Vertex Analytics Corp,Data,SQL
Vertex Analytics Corp,Data,Tableau
Vertex Analytics Corp,Data,Power BI
Vertex Analytics Corp,Data,Excel
Core Solutions Solutions,Cloud,Azure
Core Solutions Solutions,Cloud,DevOps
Core Solutions Solutions,Cloud,AWS
Core Software Inc,Cloud,Azure
Core Software Inc,Cloud,AWS
Core Software Inc,Cloud,Docker
Core Software Inc,Cloud,Kubernetes
Core Software Inc,Cloud,DevOps
Global Infotech Group,Data,Tableau
Global Infotech Group,Data,Power BI
Global Infotech Group,Data,Excel
Global Infotech Group,Data,SQL
Global Infotech Group,Data,Python
Bright AI Inc,Frontend,CSS
Bright AI Inc,Frontend,JavaScript
Bright AI Inc,Frontend,HTML
Fusion Solutions Inc,Backend,Spring Boot
Fusion Solutions Inc,Backend,Node.js
Fusion Solutions Inc,Backend,Java
Core Data Solutions,Backend,Node.js
Core Data Solutions,Backend,Java
Core Data Solutions,Backend,Spring Boot
Core Data Solutions,Backend,SQL
Vertex Computing Group,Backend,Java
Vertex Computing Group,Backend,Spring Boot
Vertex Computing Group,Backend,SQL
Prime Software Inc,Frontend,CSS
Prime Software Inc,Frontend,HTML
Prime Software Inc,Frontend,React
Apex Cloud Ltd,Backend,SQL
Apex Cloud Ltd,Backend,Java
Apex Cloud Ltd,Backend,Node.js
Apex Cloud Ltd,Backend,Spring Boot
Future Labs Technologies,Backend,SQL
Future Labs Technologies,Backend,Java
Future Labs Technologies,Backend,Spring Boot
Quantum Labs Systems,Frontend,JavaScript
Quantum Labs Systems,Frontend,CSS
Quantum Labs Systems,Frontend,HTML
Quantum Labs Systems,Frontend,React
Pioneer Systems Technologies,Frontend,HTML
Pioneer Systems Technologies,Frontend,CSS
Pioneer Systems Technologies,Frontend,React
Pioneer Systems Technologies,Frontend,JavaScript
Bright Labs Inc,AI,Python
Bright Labs Inc,AI,Artificial Intelligence
Bright Labs Inc,AI,Machine Learning
Bright Labs Inc,AI,Deep Learning
Apex Labs Corp,Data,Power BI
Apex Labs Corp,Data,Python
Apex Labs Corp,Data,Excel
Synergy Systems Solutions,Cloud,DevOps
Synergy Systems Solutions,Cloud,Docker
Synergy Systems Solutions,Cloud,AWS
Synergy Systems Solutions,Cloud,Kubernetes
Core Analytics Pvt Ltd,Backend,Spring Boot
Core Analytics Pvt Ltd,Backend,Java
Core Analytics Pvt Ltd,Backend,Node.js
Core Analytics Pvt Ltd,Backend,SQL
Quantum Networks Inc,Data,Python
Quantum Networks Inc,Data,Power BI
Quantum Networks Inc,Data,SQL
Quantum Networks Inc,Data,Excel
Synergy Data Ltd,Cloud,Docker
Synergy Data Ltd,Cloud,Azure
Synergy Data Ltd,Cloud,AWS
Synergy Data Ltd,Cloud,DevOps
Quantum Infotech Pvt Ltd,Cloud,DevOps
Quantum Infotech Pvt Ltd,Cloud,AWS
Quantum Infotech Pvt Ltd,Cloud,Kubernetes
Dynamic Systems Technologies,Data,Excel
Dynamic Systems Technologies,Data,Python
Dynamic Systems Technologies,Data,Power BI
Dynamic Systems Technologies,Data,SQL
Dynamic Systems Technologies,Data,Tableau
Pioneer Cloud Pvt Ltd,Data,SQL
Pioneer Cloud Pvt Ltd,Data,Excel
Pioneer Cloud Pvt Ltd,Data,Python
Pioneer Cloud Pvt Ltd,Data,Power BI
Future Networks Technologies,Frontend,CSS
Future Networks Technologies,Frontend,JavaScript
Future Networks Technologies,Frontend,React
Quantum Infotech Technologies,Frontend,CSS
Quantum Infotech Technologies,Frontend,React
Quantum Infotech Technologies,Frontend,HTML
Quantum Infotech Technologies,Frontend,JavaScript
Vertex Digital Group,Frontend,HTML
Vertex Digital Group,Frontend,CSS
Vertex Digital Group,Frontend,JavaScript
Future Computing Pvt Ltd,Frontend,CSS
Future Computing Pvt Ltd,Frontend,HTML
Future Computing Pvt Ltd,Frontend,JavaScript
Future Computing Pvt Ltd,Frontend,React
Apex Infotech Solutions,Cloud,Azure
Apex Infotech Solutions,Cloud,DevOps
Apex Infotech Solutions,Cloud,AWS
Apex Infotech Solutions,Cloud,Kubernetes
Apex Infotech Solutions,Cloud,Docker
Elite Technologies Solutions,Data,Excel
Elite Technologies Solutions,Data,Python
Elite Technologies Solutions,Data,SQL
Innova Labs Pvt Ltd,AI,Deep Learning
Innova Labs Pvt Ltd,AI,Artificial Intelligence
Innova Labs Pvt Ltd,AI,Data Analysis
Rapid Computing Group,Cloud,AWS
Rapid Computing Group,Cloud,Azure
Rapid Computing Group,Cloud,Docker
Rapid Computing Group,Cloud,DevOps
Prime Technologies Solutions,AI,Python
Prime Technologies Solutions,AI,Artificial Intelligence
Prime Technologies Solutions,AI,Deep Learning
Prime Technologies Solutions,AI,Machine Learning
Elite Data Ltd,Cloud,AWS
Elite Data Ltd,Cloud,DevOps
Elite Data Ltd,Cloud,Kubernetes
Elite Data Ltd,Cloud,Docker
Rapid Infotech Solutions,Backend,Spring Boot
Rapid Infotech Solutions,Backend,Java
Rapid Infotech Solutions,Backend,Node.js
Future Digital Corp,AI,Artificial Intelligence
Future Digital Corp,AI,Machine Learning
Future Digital Corp,AI,Deep Learning
Future Digital Corp,AI,Data Analysis
Future Labs Systems,Frontend,React
Future Labs Systems,Frontend,CSS
Future Labs Systems,Frontend,JavaScript
Dynamic Systems Solutions,Cloud,Kubernetes
Dynamic Systems Solutions,Cloud,Docker
Dynamic Systems Solutions,Cloud,AWS
Future Systems Inc,Backend,Spring Boot
Future Systems Inc,Backend,Java
Future Systems Inc,Backend,Node.js
Dynamic Analytics Inc,Cloud,Kubernetes
Dynamic Analytics Inc,Cloud,Docker
Dynamic Analytics Inc,Cloud,AWS
Dynamic Analytics Inc,Cloud,DevOps
Rapid Labs Inc,Frontend,JavaScript
Rapid Labs Inc,Frontend,HTML
Rapid Labs Inc,Frontend,React
Vertex Cloud Inc,Backend,Java
Vertex Cloud Inc,Backend,Spring Boot
Vertex Cloud Inc,Backend,SQL
Vertex Cloud Inc,Backend,Node.js
Bright Analytics Systems,Data,SQL
Bright Analytics Systems,Data,Python
Bright Analytics Systems,Data,Power BI
Bright Analytics Systems,Data,Excel
Fusion Solutions Group,AI,Data Analysis
Fusion Solutions Group,AI,Python
Fusion Solutions Group,AI,Machine Learning
Fusion Solutions Group,AI,Deep Learning
Fusion Solutions Group,AI,Artificial Intelligence
Skyline Infotech Systems,Frontend,HTML
Skyline Infotech Systems,Frontend,CSS
Skyline Infotech Systems,Frontend,React
Skyline Infotech Systems,Frontend,JavaScript
NextGen Infotech Technologies,AI,Machine Learning
NextGen Infotech Technologies,AI,Python
NextGen Infotech Technologies,AI,Deep Learning
NextGen Infotech Technologies,AI,Data Analysis
Nova Digital Inc,Cloud,DevOps
Nova Digital Inc,Cloud,Kubernetes
Nova Digital Inc,Cloud,Docker
Bright Software Systems,Cloud,Docker
Bright Software Systems,Cloud,Kubernetes
Bright Software Systems,Cloud,DevOps
Bright Software Systems,Cloud,AWS
Bright Software Systems,Cloud,Azure
Innova Infotech Pvt Ltd,AI,Artificial Intelligence
Innova Infotech Pvt Ltd,AI,Python
Innova Infotech Pvt Ltd,AI,Machine Learning
Innova Infotech Pvt Ltd,AI,Data Analysis
Innova Infotech Pvt Ltd,AI,Deep Learning
Quantum Systems Solutions,Cloud,DevOps
Quantum Systems Solutions,Cloud,Kubernetes
Quantum Systems Solutions,Cloud,Docker
Global Analytics Solutions,Frontend,HTML
Global Analytics Solutions,Frontend,React
Global Analytics Solutions,Frontend,CSS
Global Analytics Solutions,Frontend,JavaScript
Apex Technologies Group,Backend,Spring Boot
Apex Technologies Group,Backend,SQL
Apex Technologies Group,Backend,Java
Skyline Computing Group,Backend,Node.js
Skyline Computing Group,Backend,Spring Boot
Skyline Computing Group,Backend,SQL
Skyline Computing Group,Backend,Java
BlueCore Infotech Systems,Backend,Node.js
BlueCore Infotech Systems,Backend,Spring Boot
BlueCore Infotech Systems,Backend,SQL
Fusion Tech Pvt Ltd,Backend,Java
Fusion Tech Pvt Ltd,Backend,Spring Boot
Fusion Tech Pvt Ltd,Backend,SQL
Fusion Tech Pvt Ltd,Backend,Node.js
Apex Cloud Technologies,Frontend,HTML
Apex Cloud Technologies,Frontend,JavaScript
Apex Cloud Technologies,Frontend,React
Prime AI Group,AI,Deep Learning
Prime AI Group,AI,Data Analysis
Prime AI Group,AI,Machine Learning
Prime AI Group,AI,Artificial Intelligence
Bright Systems Ltd,Cloud,Docker
Bright Systems Ltd,Cloud,DevOps
Bright Systems Ltd,Cloud,Azure
Bright Systems Ltd,Cloud,AWS
Bright Systems Ltd,Cloud,Kubernetes
Skyline Cloud Solutions,Data,Power BI
Skyline Cloud Solutions,Data,Python
Skyline Cloud Solutions,Data,Tableau
Skyline Cloud Solutions,Data,SQL
Innova Cloud Solutions,Backend,Java
Innova Cloud Solutions,Backend,Node.js
Innova Cloud Solutions,Backend,SQL
Dynamic AI Ltd,AI,Python
Dynamic AI Ltd,AI,Machine Learning
Dynamic AI Ltd,AI,Deep Learning
Fusion Infotech Inc,Backend,Node.js
Fusion Infotech Inc,Backend,Spring Boot
Fusion Infotech Inc,Backend,Java
Fusion Infotech Inc,Backend,SQL
Prime Data Systems,Frontend,HTML
Prime Data Systems,Frontend,JavaScript
Prime Data Systems,Frontend,React
Prime Data Systems,Frontend,CSS
Prime Networks Pvt Ltd,Data,Tableau
Prime Networks Pvt Ltd,Data,Power BI
Prime Networks Pvt Ltd,Data,Excel
Prime Networks Pvt Ltd,Data,SQL
Future Infotech Group,Cloud,AWS
Future Infotech Group,Cloud,Azure
Future Infotech Group,Cloud,Docker
Innova Software Pvt Ltd,Data,Excel
Innova Software Pvt Ltd,Data,Python
Innova Software Pvt Ltd,Data,SQL
Innova Software Pvt Ltd,Data,Power BI
Apex Data Pvt Ltd,Frontend,HTML
Apex Data Pvt Ltd,Frontend,CSS
Apex Data Pvt Ltd,Frontend,JavaScript
Elite Analytics Technologies,Cloud,Azure
Elite Analytics Technologies,Cloud,AWS
Elite Analytics Technologies,Cloud,Kubernetes
Prime Computing Solutions,Cloud,Docker
Prime Computing Solutions,Cloud,AWS
Prime Computing Solutions,Cloud,DevOps
Prime Computing Solutions,Cloud,Azure
Prime Computing Solutions,Cloud,Kubernetes
Elite Digital Solutions,AI,Data Analysis
Elite Digital Solutions,AI,Deep Learning
Elite Digital Solutions,AI,Machine Learning
Elite Digital Solutions,AI,Python
Elite Digital Solutions,AI,Artificial Intelligence
Pioneer Networks Corp,Backend,Java
Pioneer Networks Corp,Backend,Node.js
Pioneer Networks Corp,Backend,Spring Boot
Prime Systems Pvt Ltd,Cloud,AWS
Prime Systems Pvt Ltd,Cloud,DevOps
Prime Systems Pvt Ltd,Cloud,Docker
Prime Systems Pvt Ltd,Cloud,Azure
Nova Software Systems,Frontend,React
Nova Software Systems,Frontend,CSS
Nova Software Systems,Frontend,JavaScript
Innova Technologies Group,Frontend,CSS
Innova Technologies Group,Frontend,JavaScript
Innova Technologies Group,Frontend,React
Innova Technologies Group,Frontend,HTML
Vertex Analytics Solutions,Backend,Node.js
Vertex Analytics Solutions,Backend,SQL
Vertex Analytics Solutions,Backend,Spring Boot
Core Software Corp,Cloud,Kubernetes
Core Software Corp,Cloud,Azure
Core Software Corp,Cloud,AWS
Core Software Corp,Cloud,Docker
Core Software Corp,Cloud,DevOps
Rapid Cloud Inc,AI,Machine Learning
Rapid Cloud Inc,AI,Deep Learning
Rapid Cloud Inc,AI,Python
Rapid Cloud Inc,AI,Artificial Intelligence
Rapid Cloud Inc,AI,Data Analysis
NextGen Infotech Group,Cloud,Kubernetes
NextGen Infotech Group,Cloud,DevOps
NextGen Infotech Group,Cloud,AWS
NextGen Infotech Group,Cloud,Azure
Future Tech Ltd,Cloud,Kubernetes
Future Tech Ltd,Cloud,DevOps
Future Tech Ltd,Cloud,AWS
Future Tech Ltd,Cloud,Azure
Future Tech Ltd,Cloud,Docker
Future Labs Solutions,Data,SQL
Future Labs Solutions,Data,Excel
Future Labs Solutions,Data,Python
Future Labs Solutions,Data,Tableau
Future Labs Solutions,Data,Power BI
Global Systems Corp,AI,Python
Global Systems Corp,AI,Deep Learning
Global Systems Corp,AI,Artificial Intelligence
Bright Computing Systems,Cloud,Docker
Bright Computing Systems,Cloud,AWS
Bright Computing Systems,Cloud,Azure
Bright Computing Systems,Cloud,DevOps
Bright Computing Systems,Cloud,Kubernetes
Fusion Networks Group,Frontend,CSS
Fusion Networks Group,Frontend,JavaScript
Fusion Networks Group,Frontend,HTML
Prime Digital Systems,AI,Python
Prime Digital Systems,AI,Machine Learning
Prime Digital Systems,AI,Artificial Intelligence
Prime Digital Systems,AI,Deep Learning
Prime Digital Systems,AI,Data Analysis
Apex Analytics Systems,Frontend,HTML
Apex Analytics Systems,Frontend,CSS
Apex Analytics Systems,Frontend,React
Bright Networks Group,Backend,Spring Boot
Bright Networks Group,Backend,SQL
Bright Networks Group,Backend,Java
Bright Networks Group,Backend,Node.js
Quantum Networks Technologies,Data,Python
Quantum Networks Technologies,Data,Power BI
Quantum Networks Technologies,Data,Excel
Quantum Networks Technologies,Data,SQL
Quantum Networks Technologies,Data,Tableau
Apex Computing Technologies,Backend,SQL
Apex Computing Technologies,Backend,Java
Apex Computing Technologies,Backend,Spring Boot
Apex Computing Technologies,Backend,Node.js
Dynamic AI Inc,Backend,Node.js
Dynamic AI Inc,Backend,Java
Dynamic AI Inc,Backend,Spring Boot
Dynamic AI Inc,Backend,SQL
Pioneer Digital Group,Data,Power BI
Pioneer Digital Group,Data,SQL
Pioneer Digital Group,Data,Python
Pioneer Digital Group,Data,Tableau
Pioneer Digital Group,Data,Excel
Prime Cloud Solutions,Frontend,CSS
Prime Cloud Solutions,Frontend,React
Prime Cloud Solutions,Frontend,HTML
Prime Cloud Solutions,Frontend,JavaScript
Vertex Technologies Pvt Ltd,Data,SQL
Vertex Technologies Pvt Ltd,Data,Excel
Vertex Technologies Pvt Ltd,Data,Power BI
Vertex Technologies Pvt Ltd,Data,Tableau
Apex Labs Pvt Ltd,AI,Deep Learning
Apex Labs Pvt Ltd,AI,Artificial Intelligence
Apex Labs Pvt Ltd,AI,Data Analysis
Rapid Tech Technologies,Frontend,React
Rapid Tech Technologies,Frontend,CSS
Rapid Tech Technologies,Frontend,JavaScript
Rapid Tech Technologies,Frontend,HTML
BlueCore Solutions Systems,Backend,Node.js
BlueCore Solutions Systems,Backend,SQL
BlueCore Solutions Systems,Backend,Java
BlueCore Solutions Systems,Backend,Spring Boot
Elite Software Ltd,AI,Data Analysis
Elite Software Ltd,AI,Machine Learning
Elite Software Ltd,AI,Artificial Intelligence
Elite Software Ltd,AI,Deep Learning
Elite Software Ltd,AI,Python
Elite Cloud Technologies,Frontend,HTML
Elite Cloud Technologies,Frontend,CSS
Elite Cloud Technologies,Frontend,React
Elite Cloud Technologies,Frontend,JavaScript
Prime Networks Solutions,AI,Deep Learning
Prime Networks Solutions,AI,Data Analysis
Prime Networks Solutions,AI,Artificial Intelligence
Prime Networks Solutions,AI,Machine Learning
Future Networks Corp,Cloud,Kubernetes
Future Networks Corp,Cloud,Docker
Future Networks Corp,Cloud,DevOps
Elite Networks Pvt Ltd,AI,Python
Elite Networks Pvt Ltd,AI,Machine Learning
Elite Networks Pvt Ltd,AI,Deep Learning
Future Labs Group,Backend,Node.js
Future Labs Group,Backend,Java
Future Labs Group,Backend,Spring Boot
Future Labs Group,Backend,SQL
Quantum Tech Systems,Data,SQL
Quantum Tech Systems,Data,Tableau
Quantum Tech Systems,Data,Power BI
Quantum Tech Systems,Data,Excel
Vertex Technologies Inc,Data,Excel
Vertex Technologies Inc,Data,Tableau
Vertex Technologies Inc,Data,Power BI
Vertex Technologies Inc,Data,SQL
Skyline Systems Solutions,Frontend,HTML
Skyline Systems Solutions,Frontend,JavaScript
Skyline Systems Solutions,Frontend,React
Dynamic Systems Ltd,Frontend,React
Dynamic Systems Ltd,Frontend,HTML
Dynamic Systems Ltd,Frontend,JavaScript
Dynamic Systems Ltd,Frontend,CSS
Prime Solutions Group,Data,SQL
Prime Solutions Group,Data,Python
Prime Solutions Group,Data,Power BI
Prime Solutions Group,Data,Excel
Prime Solutions Group,Data,Tableau
BlueCore Digital Group,Data,Excel
BlueCore Digital Group,Data,Tableau
BlueCore Digital Group,Data,Python
BlueCore Digital Group,Data,Power BI
BlueCore Digital Group,Data,SQL
Pioneer Labs Inc,Data,Python
Pioneer Labs Inc,Data,SQL
Pioneer Labs Inc,Data,Excel
Pioneer Labs Inc,Data,Tableau
Pioneer Labs Inc,Data,Power BI
Innova Digital Ltd,Frontend,CSS
Innova Digital Ltd,Frontend,HTML
Innova Digital Ltd,Frontend,React
Vision Infotech Systems,Frontend,React
Vision Infotech Systems,Frontend,HTML
Vision Infotech Systems,Frontend,CSS
Vision Infotech Systems,Frontend,JavaScript
Fusion Digital Inc,Data,Tableau
Fusion Digital Inc,Data,Excel
Fusion Digital Inc,Data,SQL
Fusion Digital Inc,Data,Python
Bright Analytics Corp,Frontend,HTML
Bright Analytics Corp,Frontend,CSS
Bright Analytics Corp,Frontend,JavaScript
Bright Analytics Corp,Frontend,React
Skyline Analytics Corp,Cloud,DevOps
Skyline Analytics Corp,Cloud,Kubernetes
Skyline Analytics Corp,Cloud,AWS
Global Networks Solutions,Backend,SQL
Global Networks Solutions,Backend,Spring Boot
Global Networks Solutions,Backend,Node.js
Global Networks Solutions,Backend,Java
NextGen Networks Ltd,Frontend,HTML
NextGen Networks Ltd,Frontend,JavaScript
NextGen Networks Ltd,Frontend,React
NextGen Networks Ltd,Frontend,CSS
Bright Networks Inc,Frontend,JavaScript
Bright Networks Inc,Frontend,CSS
Bright Networks Inc,Frontend,React
Bright Networks Inc,Frontend,HTML
Quantum Analytics Group,AI,Artificial Intelligence
Quantum Analytics Group,AI,Deep Learning
Quantum Analytics Group,AI,Data Analysis
Quantum Analytics Group,AI,Machine Learning
Global Data Corp,Cloud,Kubernetes
Global Data Corp,Cloud,DevOps
Global Data Corp,Cloud,Docker
NextGen Tech Pvt Ltd,Backend,Java
NextGen Tech Pvt Ltd,Backend,Spring Boot
NextGen Tech Pvt Ltd,Backend,Node.js
Pioneer Infotech Corp,Cloud,Kubernetes
Pioneer Infotech Corp,Cloud,Azure
Pioneer Infotech Corp,Cloud,DevOps
Dynamic Cloud Solutions,Cloud,AWS
Dynamic Cloud Solutions,Cloud,Docker
Dynamic Cloud Solutions,Cloud,Azure
BlueCore Analytics Ltd,Frontend,JavaScript
BlueCore Analytics Ltd,Frontend,React
BlueCore Analytics Ltd,Frontend,HTML
Vision Cloud Technologies,Frontend,CSS
Vision Cloud Technologies,Frontend,HTML
Vision Cloud Technologies,Frontend,React
Vision Cloud Technologies,Frontend,JavaScript
Skyline Tech Systems,Backend,Java
Skyline Tech Systems,Backend,Node.js
Skyline Tech Systems,Backend,Spring Boot
Skyline Tech Systems,Backend,SQL
Global Labs Ltd,Cloud,Azure
Global Labs Ltd,Cloud,AWS
Global Labs Ltd,Cloud,Kubernetes
Global Labs Ltd,Cloud,DevOps
Global Technologies Ltd,Cloud,DevOps
Global Technologies Ltd,Cloud,AWS
Global Technologies Ltd,Cloud,Docker
Global Technologies Ltd,Cloud,Azure
Global Technologies Ltd,Cloud,Kubernetes
Bright AI Pvt Ltd,Backend,Node.js
Bright AI Pvt Ltd,Backend,Spring Boot
Bright AI Pvt Ltd,Backend,SQL
Bright AI Pvt Ltd,Backend,Java
Skyline Tech Solutions,Data,Power BI
Skyline Tech Solutions,Data,SQL
Skyline Tech Solutions,Data,Python
Skyline Tech Solutions,Data,Tableau
Quantum Solutions Solutions,Cloud,Docker
Quantum Solutions Solutions,Cloud,DevOps
Quantum Solutions Solutions,Cloud,Kubernetes
Quantum Solutions Solutions,Cloud,AWS
Quantum Solutions Solutions,Cloud,Azure
Skyline Technologies Ltd,Backend,SQL
Skyline Technologies Ltd,Backend,Java
Skyline Technologies Ltd,Backend,Node.js
Skyline Technologies Ltd,Backend,Spring Boot
Bright Systems Group,Data,Python
Bright Systems Group,Data,Tableau
Bright Systems Group,Data,Power BI
Bright Systems Group,Data,Excel
Rapid Digital Pvt Ltd,Cloud,Docker
Rapid Digital Pvt Ltd,Cloud,DevOps
Rapid Digital Pvt Ltd,Cloud,AWS
Bright Analytics Inc,AI,Artificial Intelligence
Bright Analytics Inc,AI,Machine Learning
Bright Analytics Inc,AI,Data Analysis
Bright Analytics Inc,AI,Deep Learning
Fusion Technologies Technologies,Backend,Java
Fusion Technologies Technologies,Backend,SQL
Fusion Technologies Technologies,Backend,Spring Boot
Fusion Technologies Technologies,Backend,Node.js
Innova Technologies Pvt Ltd,AI,Python
Innova Technologies Pvt Ltd,AI,Artificial Intelligence
Innova Technologies Pvt Ltd,AI,Machine Learning
Innova Technologies Pvt Ltd,AI,Data Analysis
Innova Technologies Pvt Ltd,AI,Deep Learning
Global Software Ltd,Data,Power BI
Global Software Ltd,Data,Python
Global Software Ltd,Data,Excel
Global Software Ltd,Data,SQL
Global Software Ltd,Data,Tableau
Innova Labs Inc,Data,SQL
Innova Labs Inc,Data,Excel
Innova Labs Inc,Data,Tableau
Skyline Digital Ltd,Cloud,Kubernetes
Skyline Digital Ltd,Cloud,DevOps
Skyline Digital Ltd,Cloud,Azure
Skyline Digital Ltd,Cloud,Docker
Rapid Computing Ltd,Data,SQL
Rapid Computing Ltd,Data,Excel
Rapid Computing Ltd,Data,Power BI
Rapid Computing Ltd,Data,Python
Rapid Computing Ltd,Data,Tableau
Pioneer Labs Systems,Data,Power BI
Pioneer Labs Systems,Data,Python
Pioneer Labs Systems,Data,Excel
Pioneer Labs Systems,Data,Tableau
Pioneer Labs Systems,Data,SQL
Apex Data Group,Data,SQL
Apex Data Group,Data,Excel
Apex Data Group,Data,Python
Apex Data Group,Data,Tableau
Apex Data Group,Data,Power BI
Core Digital Solutions,AI,Machine Learning
Core Digital Solutions,AI,Artificial Intelligence
Core Digital Solutions,AI,Python
Core Digital Solutions,AI,Data Analysis
Core Digital Solutions,AI,Deep Learning
Elite Systems Systems,Frontend,CSS
Elite Systems Systems,Frontend,JavaScript
Elite Systems Systems,Frontend,React
Future Systems Solutions,Data,Power BI
Future Systems Solutions,Data,Python
Future Systems Solutions,Data,SQL
Future Systems Solutions,Data,Excel
Synergy AI Group,AI,Machine Learning
Synergy AI Group,AI,Python
Synergy AI Group,AI,Artificial Intelligence
Synergy AI Group,AI,Data Analysis
Synergy AI Group,AI,Deep Learning
Innova Software Solutions,AI,Python
Innova Software Solutions,AI,Data Analysis
Innova Software Solutions,AI,Machine Learning
Innova Software Solutions,AI,Artificial Intelligence
Innova Software Solutions,AI,Deep Learning
Prime Cloud Inc,Frontend,JavaScript
Prime Cloud Inc,Frontend,HTML
Prime Cloud Inc,Frontend,CSS
Future Tech Pvt Ltd,Backend,Node.js
Future Tech Pvt Ltd,Backend,SQL
Future Tech Pvt Ltd,Backend,Spring Boot
Future Tech Pvt Ltd,Backend,Java
NextGen Software Corp,Data,Power BI
NextGen Software Corp,Data,Python
NextGen Software Corp,Data,Tableau
Nova Systems Corp,Data,Excel
Nova Systems Corp,Data,SQL
Nova Systems Corp,Data,Power BI
Nova Systems Corp,Data,Python
Nova Data Ltd,AI,Deep Learning
Nova Data Ltd,AI,Artificial Intelligence
Nova Data Ltd,AI,Data Analysis
Core Solutions Technologies,Data,Excel
Core Solutions Technologies,Data,Tableau
Core Solutions Technologies,Data,Python
Core Solutions Technologies,Data,Power BI
Fusion Cloud Pvt Ltd,Frontend,JavaScript
Fusion Cloud Pvt Ltd,Frontend,CSS
Fusion Cloud Pvt Ltd,Frontend,React
Fusion Cloud Pvt Ltd,Frontend,HTML
Innova Networks Technologies,AI,Artificial Intelligence
Innova Networks Technologies,AI,Python
Innova Networks Technologies,AI,Data Analysis
Innova Networks Technologies,AI,Deep Learning
Innova Networks Technologies,AI,Machine Learning
BlueCore Solutions Technologies,AI,Python
BlueCore Solutions Technologies,AI,Artificial Intelligence
BlueCore Solutions Technologies,AI,Deep Learning
BlueCore Solutions Technologies,AI,Data Analysis
BlueCore Solutions Technologies,AI,Machine Learning
Synergy Infotech Technologies,AI,Artificial Intelligence
Synergy Infotech Technologies,AI,Machine Learning
Synergy Infotech Technologies,AI,Deep Learning
Synergy Infotech Technologies,AI,Python
Innova Cloud Corp,AI,Data Analysis
Innova Cloud Corp,AI,Deep Learning
Innova Cloud Corp,AI,Python
Apex Digital Systems,Data,Excel
Apex Digital Systems,Data,Power BI
Apex Digital Systems,Data,Python
Apex Digital Systems,Data,SQL
Global Data Group,Cloud,Kubernetes
Global Data Group,Cloud,Azure
Global Data Group,Cloud,Docker
Global Data Group,Cloud,DevOps
Global Data Group,Cloud,AWS
Future Digital Systems,AI,Data Analysis
Future Digital Systems,AI,Machine Learning
Future Digital Systems,AI,Deep Learning
Future Digital Systems,AI,Artificial Intelligence
Future Digital Systems,AI,Python
Bright Technologies Solutions,AI,Artificial Intelligence
Bright Technologies Solutions,AI,Deep Learning
Bright Technologies Solutions,AI,Data Analysis
Bright Technologies Solutions,AI,Machine Learning
Prime Labs Ltd,Frontend,HTML
Prime Labs Ltd,Frontend,JavaScript
Prime Labs Ltd,Frontend,React
Nova AI Ltd,Data,SQL
Nova AI Ltd,Data,Excel
Nova AI Ltd,Data,Tableau
Nova AI Ltd,Data,Python
Synergy Computing Corp,Frontend,CSS
Synergy Computing Corp,Frontend,JavaScript
Synergy Computing Corp,Frontend,React
Fusion Data Systems,Frontend,HTML
Fusion Data Systems,Frontend,React
Fusion Data Systems,Frontend,JavaScript
Skyline Tech Technologies,AI,Deep Learning
Skyline Tech Technologies,AI,Python
Skyline Tech Technologies,AI,Data Analysis
Skyline Tech Technologies,AI,Artificial Intelligence
Pioneer Software Corp,AI,Artificial Intelligence
Pioneer Software Corp,AI,Python
Pioneer Software Corp,AI,Data Analysis
Pioneer Software Corp,AI,Deep Learning
Vision Digital Systems,Data,Excel
Vision Digital Systems,Data,SQL
Vision Digital Systems,Data,Tableau
Vision Digital Systems,Data,Python
Vision Digital Systems,Data,Power BI
Vertex Data Corp,Backend,SQL
Vertex Data Corp,Backend,Java
Vertex Data Corp,Backend,Spring Boot
Vertex Tech Systems,Frontend,JavaScript
Vertex Tech Systems,Frontend,CSS
Vertex Tech Systems,Frontend,React
Dynamic Technologies Systems,Data,Power BI
Dynamic Technologies Systems,Data,Tableau
Dynamic Technologies Systems,Data,SQL
Dynamic Technologies Systems,Data,Excel
Dynamic Labs Systems,Backend,Spring Boot
Dynamic Labs Systems,Backend,Node.js
Dynamic Labs Systems,Backend,SQL
Dynamic Labs Systems,Backend,Java
Synergy Computing Solutions,AI,Artificial Intelligence
Synergy Computing Solutions,AI,Deep Learning
Synergy Computing Solutions,AI,Python
Synergy Computing Solutions,AI,Machine Learning
Synergy Computing Solutions,AI,Data Analysis
Apex Networks Technologies,Frontend,JavaScript
Apex Networks Technologies,Frontend,HTML
Apex Networks Technologies,Frontend,React
Vision Digital Inc,AI,Data Analysis
Vision Digital Inc,AI,Artificial Intelligence
Vision Digital Inc,AI,Machine Learning
Vision Digital Inc,AI,Python
Vertex Digital Solutions,Cloud,Azure
Vertex Digital Solutions,Cloud,Docker
Vertex Digital Solutions,Cloud,DevOps
Vertex Digital Solutions,Cloud,AWS
Quantum Computing Inc,Frontend,HTML
Quantum Computing Inc,Frontend,JavaScript
Quantum Computing Inc,Frontend,CSS
Quantum Computing Inc,Frontend,React
Apex Analytics Pvt Ltd,Cloud,DevOps
Apex Analytics Pvt Ltd,Cloud,Azure
Apex Analytics Pvt Ltd,Cloud,AWS
Apex Analytics Pvt Ltd,Cloud,Docker
Apex Analytics Pvt Ltd,Cloud,Kubernetes
Dynamic Tech Group,Data,Python
Dynamic Tech Group,Data,Excel
Dynamic Tech Group,Data,Tableau
Dynamic Tech Group,Data,Power BI
Dynamic Tech Group,Data,SQL
Core Data Technologies,Frontend,JavaScript
Core Data Technologies,Frontend,React
Core Data Technologies,Frontend,HTML
Core Labs Solutions,AI,Data Analysis
Core Labs Solutions,AI,Artificial Intelligence
Core Labs Solutions,AI,Machine Learning
BlueCore Labs Corp,AI,Data Analysis
BlueCore Labs Corp,AI,Artificial Intelligence
BlueCore Labs Corp,AI,Deep Learning
BlueCore Labs Corp,AI,Machine Learning
BlueCore Labs Corp,AI,Python
Vision Digital Technologies,AI,Data Analysis
Vision Digital Technologies,AI,Artificial Intelligence
Vision Digital Technologies,AI,Python
Vision Digital Technologies,AI,Deep Learning
Vision Digital Technologies,AI,Machine Learning
Rapid Systems Inc,Data,Python
Rapid Systems Inc,Data,Tableau
Rapid Systems Inc,Data,Excel
Rapid Systems Inc,Data,Power BI
NextGen Technologies Ltd,AI,Machine Learning
NextGen Technologies Ltd,AI,Data Analysis
NextGen Technologies Ltd,AI,Python
NextGen Technologies Ltd,AI,Artificial Intelligence
NextGen Technologies Ltd,AI,Deep Learning
Vision Systems Systems,Backend,Java
Vision Systems Systems,Backend,SQL
Vision Systems Systems,Backend,Spring Boot
Vision Systems Systems,Backend,Node.js
Core Technologies Inc,Data,SQL
Core Technologies Inc,Data,Power BI
Core Technologies Inc,Data,Tableau
NextGen Cloud Ltd,AI,Python
NextGen Cloud Ltd,AI,Data Analysis
NextGen Cloud Ltd,AI,Machine Learning
NextGen Cloud Ltd,AI,Deep Learning
NextGen Cloud Ltd,AI,Artificial Intelligence
Innova Labs Group,Data,Python
Innova Labs Group,Data,Excel
Innova Labs Group,Data,Power BI
Innova Labs Group,Data,Tableau
Future Systems Group,AI,Artificial Intelligence
Future Systems Group,AI,Deep Learning
Future Systems Group,AI,Data Analysis
Future Systems Group,AI,Python
Innova Tech Systems,Data,SQL
Innova Tech Systems,Data,Excel
Innova Tech Systems,Data,Power BI
Apex Tech Ltd,Data,Power BI
Apex Tech Ltd,Data,Python
Apex Tech Ltd,Data,Tableau
Apex Tech Ltd,Data,SQL
Skyline Data Ltd,Data,Python
Skyline Data Ltd,Data,SQL
Skyline Data Ltd,Data,Tableau
Skyline Data Ltd,Data,Excel
Skyline Data Ltd,Data,Power BI
Apex Technologies Technologies,Data,Tableau
Apex Technologies Technologies,Data,Python
Apex Technologies Technologies,Data,SQL
Innova Infotech Ltd,Cloud,Azure
Innova Infotech Ltd,Cloud,Docker
Innova Infotech Ltd,Cloud,DevOps
Innova Infotech Ltd,Cloud,Kubernetes
Innova Infotech Ltd,Cloud,AWS
Vertex Labs Ltd,Cloud,AWS
Vertex Labs Ltd,Cloud,DevOps
Vertex Labs Ltd,Cloud,Kubernetes
Vertex Labs Ltd,Cloud,Docker
Vertex Labs Ltd,Cloud,Azure
BlueCore Technologies Ltd,Cloud,DevOps
BlueCore Technologies Ltd,Cloud,Docker
BlueCore Technologies Ltd,Cloud,Azure
Nova Networks Technologies,AI,Deep Learning
Nova Networks Technologies,AI,Artificial Intelligence
Nova Networks Technologies,AI,Machine Learning
Nova Networks Technologies,AI,Python
Nova Networks Technologies,AI,Data Analysis
Elite Data Technologies,Data,Tableau
Elite Data Technologies,Data,SQL
Elite Data Technologies,Data,Power BI
Elite Data Technologies,Data,Excel
Vertex Solutions Inc,AI,Deep Learning
Vertex Solutions Inc,AI,Machine Learning
Vertex Solutions Inc,AI,Data Analysis
Vertex Solutions Inc,AI,Python
Vertex Solutions Inc,AI,Artificial Intelligence
Skyline AI Solutions,Backend,Node.js
Skyline AI Solutions,Backend,Spring Boot
Skyline AI Solutions,Backend,Java
Core Solutions Systems,Frontend,HTML
Core Solutions Systems,Frontend,React
Core Solutions Systems,Frontend,CSS
Core Solutions Systems,Frontend,JavaScript
Vision Computing Solutions,Backend,Spring Boot
Vision Computing Solutions,Backend,SQL
Vision Computing Solutions,Backend,Java
Vision Computing Solutions,Backend,Node.js
Vision Technologies Pvt Ltd,AI,Artificial Intelligence
Vision Technologies Pvt Ltd,AI,Data Analysis
Vision Technologies Pvt Ltd,AI,Deep Learning
Fusion Infotech Technologies,Data,Tableau
Fusion Infotech Technologies,Data,Python
Fusion Infotech Technologies,Data,Excel
Fusion Infotech Technologies,Data,Power BI
Fusion Infotech Technologies,Data,SQL
Global Labs Technologies,Data,Excel
Global Labs Technologies,Data,Power BI
Global Labs Technologies,Data,SQL
Dynamic Infotech Inc,AI,Artificial Intelligence
Dynamic Infotech Inc,AI,Data Analysis
Dynamic Infotech Inc,AI,Python
Dynamic Infotech Inc,AI,Deep Learning
Fusion Labs Corp,Data,SQL
Fusion Labs Corp,Data,Tableau
Fusion Labs Corp,Data,Python
Fusion Labs Corp,Data,Power BI
Fusion Labs Corp,Data,Excel
Rapid Software Pvt Ltd,Backend,Node.js
Rapid Software Pvt Ltd,Backend,Java
Rapid Software Pvt Ltd,Backend,Spring Boot
Rapid Software Pvt Ltd,Backend,SQL
Synergy Solutions Technologies,Frontend,CSS
Synergy Solutions Technologies,Frontend,JavaScript
Synergy Solutions Technologies,Frontend,HTML
Synergy Solutions Technologies,Frontend,React
Bright Solutions Systems,Backend,SQL
Bright Solutions Systems,Backend,Spring Boot
Bright Solutions Systems,Backend,Node.js
Bright Solutions Systems,Backend,Java
Core Digital Ltd,Frontend,JavaScript
Core Digital Ltd,Frontend,CSS
Core Digital Ltd,Frontend,React
Vision Technologies Ltd,Frontend,CSS
Vision Technologies Ltd,Frontend,JavaScript
Vision Technologies Ltd,Frontend,HTML
Vision Technologies Ltd,Frontend,React
Quantum Labs Corp,Frontend,HTML
Quantum Labs Corp,Frontend,JavaScript
Quantum Labs Corp,Frontend,React
Apex Data Ltd,Frontend,JavaScript
Apex Data Ltd,Frontend,CSS
Apex Data Ltd,Frontend,HTML
Apex Data Ltd,Frontend,React
Skyline Computing Pvt Ltd,Frontend,HTML
Skyline Computing Pvt Ltd,Frontend,JavaScript
Skyline Computing Pvt Ltd,Frontend,CSS
Fusion Technologies Systems,Frontend,React
Fusion Technologies Systems,Frontend,HTML
Fusion Technologies Systems,Frontend,CSS
Fusion Technologies Systems,Frontend,JavaScript
Core Systems Ltd,Data,Tableau
Core Systems Ltd,Data,SQL
Core Systems Ltd,Data,Excel
Synergy Digital Systems,Backend,Node.js
Synergy Digital Systems,Backend,Spring Boot
Synergy Digital Systems,Backend,SQL
Quantum Technologies Corp,Cloud,DevOps
Quantum Technologies Corp,Cloud,Azure
Quantum Technologies Corp,Cloud,Docker
Quantum Technologies Corp,Cloud,AWS
Quantum Technologies Corp,Cloud,Kubernetes
Fusion AI Technologies,Frontend,CSS
Fusion AI Technologies,Frontend,HTML
Fusion AI Technologies,Frontend,JavaScript
Rapid Solutions Pvt Ltd,Data,Excel
Rapid Solutions Pvt Ltd,Data,Tableau
Rapid Solutions Pvt Ltd,Data,Power BI
Rapid Solutions Pvt Ltd,Data,Python
Vision Cloud Corp,Backend,Java
Vision Cloud Corp,Backend,Node.js
Vision Cloud Corp,Backend,SQL
Pioneer Labs Corp,Cloud,Kubernetes
Pioneer Labs Corp,Cloud,AWS
Pioneer Labs Corp,Cloud,DevOps
Pioneer Labs Corp,Cloud,Azure
Pioneer Labs Corp,Cloud,Docker
Prime Computing Inc,Frontend,React
Prime Computing Inc,Frontend,CSS
Prime Computing Inc,Frontend,JavaScript
BlueCore Technologies Inc,Cloud,Kubernetes
BlueCore Technologies Inc,Cloud,Azure
BlueCore Technologies Inc,Cloud,Docker
BlueCore Technologies Inc,Cloud,DevOps
BlueCore Technologies Inc,Cloud,AWS
Future Technologies Solutions,Frontend,HTML
Future Technologies Solutions,Frontend,React
Future Technologies Solutions,Frontend,JavaScript
Synergy Technologies Pvt Ltd,AI,Artificial Intelligence
Synergy Technologies Pvt Ltd,AI,Python
Synergy Technologies Pvt Ltd,AI,Data Analysis
Synergy Technologies Pvt Ltd,AI,Deep Learning
Rapid AI Corp,Backend,Spring Boot
Rapid AI Corp,Backend,SQL
Rapid AI Corp,Backend,Java
Rapid AI Corp,Backend,Node.js
NextGen Labs Group,Backend,Java
NextGen Labs Group,Backend,SQL
NextGen Labs Group,Backend,Spring Boot
NextGen Labs Group,Backend,Node.js
Prime Labs Technologies,AI,Python
Prime Labs Technologies,AI,Data Analysis
Prime Labs Technologies,AI,Artificial Intelligence
Prime Labs Technologies,AI,Machine Learning
Dynamic Software Systems,AI,Machine Learning
Dynamic Software Systems,AI,Data Analysis
Dynamic Software Systems,AI,Deep Learning
Dynamic Software Systems,AI,Python
Dynamic Software Systems,AI,Artificial Intelligence
Bright Systems Pvt Ltd,Backend,Node.js
Bright Systems Pvt Ltd,Backend,Java
Bright Systems Pvt Ltd,Backend,SQL
Bright Systems Pvt Ltd,Backend,Spring Boot
Dynamic Computing Technologies,Cloud,Docker
Dynamic Computing Technologies,Cloud,Kubernetes
Dynamic Computing Technologies,Cloud,AWS
Dynamic Computing Technologies,Cloud,DevOps
Dynamic Computing Technologies,Cloud,Azure
Pioneer Labs Technologies,Data,Tableau
Pioneer Labs Technologies,Data,Python
Pioneer Labs Technologies,Data,Power BI
Pioneer Labs Technologies,Data,Excel
Skyline Data Systems,Cloud,AWS
Skyline Data Systems,Cloud,Kubernetes
Skyline Data Systems,Cloud,DevOps
Skyline Data Systems,Cloud,Docker
Vertex Cloud Systems,Backend,SQL
Vertex Cloud Systems,Backend,Node.js
Vertex Cloud Systems,Backend,Java
Vertex Cloud Systems,Backend,Spring Boot
Nova Analytics Systems,Frontend,CSS
Nova Analytics Systems,Frontend,HTML
Nova Analytics Systems,Frontend,JavaScript
Nova Analytics Systems,Frontend,React
Fusion Tech Solutions,Backend,Node.js
Fusion Tech Solutions,Backend,Spring Boot
Fusion Tech Solutions,Backend,Java
Fusion Tech Solutions,Backend,SQL
Bright Computing Pvt Ltd,Data,Python
Bright Computing Pvt Ltd,Data,SQL
Bright Computing Pvt Ltd,Data,Tableau
Bright Computing Pvt Ltd,Data,Excel
Bright Computing Pvt Ltd,Data,Power BI
Rapid Solutions Systems,Backend,SQL
Rapid Solutions Systems,Backend,Node.js
Rapid Solutions Systems,Backend,Java
Elite Computing Pvt Ltd,Data,Tableau
Elite Computing Pvt Ltd,Data,SQL
Elite Computing Pvt Ltd,Data,Power BI
Elite Computing Pvt Ltd,Data,Excel
Global Systems Technologies,Frontend,CSS
Global Systems Technologies,Frontend,HTML
Global Systems Technologies,Frontend,React
BlueCore Infotech Ltd,Data,Tableau
BlueCore Infotech Ltd,Data,Power BI
BlueCore Infotech Ltd,Data,Python
Bright Digital Group,Cloud,Docker
Bright Digital Group,Cloud,AWS
Bright Digital Group,Cloud,Azure
Bright Digital Group,Cloud,Kubernetes
Pioneer Labs Pvt Ltd,Frontend,JavaScript
Pioneer Labs Pvt Ltd,Frontend,CSS
Pioneer Labs Pvt Ltd,Frontend,HTML
BlueCore Cloud Pvt Ltd,Frontend,CSS
BlueCore Cloud Pvt Ltd,Frontend,HTML
BlueCore Cloud Pvt Ltd,Frontend,JavaScript
BlueCore Cloud Pvt Ltd,Frontend,React
Rapid Analytics Systems,Cloud,Kubernetes
Rapid Analytics Systems,Cloud,AWS
Rapid Analytics Systems,Cloud,Docker
Elite Digital Inc,Backend,Spring Boot
Elite Digital Inc,Backend,Java
Elite Digital Inc,Backend,SQL
Pioneer Analytics Pvt Ltd,Cloud,Kubernetes
Pioneer Analytics Pvt Ltd,Cloud,Docker
Pioneer Analytics Pvt Ltd,Cloud,DevOps
Pioneer Analytics Pvt Ltd,Cloud,AWS
BlueCore Computing Group,Data,Power BI
BlueCore Computing Group,Data,Excel
BlueCore Computing Group,Data,Tableau
Elite Cloud Pvt Ltd,AI,Artificial Intelligence
Elite Cloud Pvt Ltd,AI,Machine Learning
Elite Cloud Pvt Ltd,AI,Data Analysis
Elite Cloud Pvt Ltd,AI,Python
Elite Cloud Pvt Ltd,AI,Deep Learning
Skyline Analytics Solutions,Backend,Node.js
Skyline Analytics Solutions,Backend,SQL
Skyline Analytics Solutions,Backend,Spring Boot
Innova Infotech Solutions,AI,Python
Innova Infotech Solutions,AI,Machine Learning
Innova Infotech Solutions,AI,Data Analysis
Innova Infotech Solutions,AI,Artificial Intelligence
Core Tech Inc,Data,Tableau
Core Tech Inc,Data,SQL
Core Tech Inc,Data,Power BI
Core Tech Inc,Data,Python
Core Tech Inc,Data,Excel
Vision Data Systems,Cloud,Kubernetes
Vision Data Systems,Cloud,DevOps
Vision Data Systems,Cloud,Docker
Dynamic AI Systems,Backend,Spring Boot
Dynamic AI Systems,Backend,Node.js
Dynamic AI Systems,Backend,SQL
Future Data Systems,Backend,Java
Future Data Systems,Backend,Node.js
Future Data Systems,Backend,SQL
Future Data Systems,Backend,Spring Boot
Elite Analytics Solutions,Backend,SQL
Elite Analytics Solutions,Backend,Java
Elite Analytics Solutions,Backend,Spring Boot
BlueCore Digital Inc,Backend,Node.js
BlueCore Digital Inc,Backend,SQL
BlueCore Digital Inc,Backend,Java
Skyline Infotech Inc,Data,Power BI
Skyline Infotech Inc,Data,Tableau
Skyline Infotech Inc,Data,SQL
Skyline Infotech Inc,Data,Excel
Skyline Infotech Inc,Data,Python
NextGen Analytics Systems,AI,Data Analysis
NextGen Analytics Systems,AI,Deep Learning
NextGen Analytics Systems,AI,Artificial Intelligence
NextGen Analytics Systems,AI,Machine Learning
BlueCore Tech Pvt Ltd,Frontend,HTML
BlueCore Tech Pvt Ltd,Frontend,CSS
BlueCore Tech Pvt Ltd,Frontend,React
BlueCore Tech Pvt Ltd,Frontend,JavaScript
Prime Computing Systems,Frontend,React
Prime Computing Systems,Frontend,HTML
Prime Computing Systems,Frontend,JavaScript
Prime Computing Systems,Frontend,CSS
Fusion Solutions Solutions,Frontend,CSS
Fusion Solutions Solutions,Frontend,JavaScript
Fusion Solutions Solutions,Frontend,HTML
Bright Cloud Solutions,Backend,SQL
Bright Cloud Solutions,Backend,Spring Boot
Bright Cloud Solutions,Backend,Node.js
Bright Cloud Solutions,Backend,Java
NextGen Networks Technologies,AI,Python
NextGen Networks Technologies,AI,Artificial Intelligence
NextGen Networks Technologies,AI,Data Analysis
Rapid Systems Technologies,AI,Artificial Intelligence
Rapid Systems Technologies,AI,Data Analysis
Rapid Systems Technologies,AI,Python
Bright Software Technologies,Frontend,JavaScript
Bright Software Technologies,Frontend,HTML
Bright Software Technologies,Frontend,CSS
Core AI Solutions,Cloud,AWS
Core AI Solutions,Cloud,DevOps
Core AI Solutions,Cloud,Azure
Core AI Solutions,Cloud,Kubernetes
Synergy AI Inc,Backend,Java
Synergy AI Inc,Backend,SQL
Synergy AI Inc,Backend,Spring Boot
Rapid Analytics Group,Cloud,AWS
Rapid Analytics Group,Cloud,Kubernetes
Rapid Analytics Group,Cloud,Docker
Rapid Analytics Group,Cloud,DevOps
Apex Labs Inc,Frontend,JavaScript
Apex Labs Inc,Frontend,HTML
Apex Labs Inc,Frontend,React
Skyline Infotech Solutions,Data,Tableau
Skyline Infotech Solutions,Data,Python
Skyline Infotech Solutions,Data,Excel
Skyline Infotech Solutions,Data,SQL
Skyline Infotech Solutions,Data,Power BI
BlueCore Labs Systems,Frontend,CSS
BlueCore Labs Systems,Frontend,React
BlueCore Labs Systems,Frontend,HTML
Innova Cloud Group,Frontend,React
Innova Cloud Group,Frontend,CSS
Innova Cloud Group,Frontend,JavaScript
Skyline Computing Technologies,Backend,SQL
Skyline Computing Technologies,Backend,Node.js
Skyline Computing Technologies,Backend,Java
Skyline Computing Technologies,Backend,Spring Boot
Apex Infotech Technologies,AI,Data Analysis
Apex Infotech Technologies,AI,Python
Apex Infotech Technologies,AI,Deep Learning
Apex Infotech Technologies,AI,Artificial Intelligence
Apex Infotech Technologies,AI,Machine Learning
Dynamic Systems Systems,Backend,SQL
Dynamic Systems Systems,Backend,Node.js
Dynamic Systems Systems,Backend,Spring Boot
Dynamic Computing Pvt Ltd,Cloud,AWS
Dynamic Computing Pvt Ltd,Cloud,Azure
Dynamic Computing Pvt Ltd,Cloud,Kubernetes
Global Labs Inc,Data,Tableau
Global Labs Inc,Data,Power BI
Global Labs Inc,Data,SQL
Global Labs Inc,Data,Excel
Global Labs Inc,Data,Python
Core Tech Corp,Cloud,AWS
Core Tech Corp,Cloud,Azure
Core Tech Corp,Cloud,DevOps
Core Tech Corp,Cloud,Docker
Innova Networks Ltd,AI,Deep Learning
Innova Networks Ltd,AI,Machine Learning
Innova Networks Ltd,AI,Data Analysis
Innova Networks Ltd,AI,Python
Innova Networks Ltd,AI,Artificial Intelligence
Prime Computing Ltd,Backend,SQL
Prime Computing Ltd,Backend,Node.js
Prime Computing Ltd,Backend,Spring Boot
NextGen Networks Group,AI,Artificial Intelligence
NextGen Networks Group,AI,Python
NextGen Networks Group,AI,Deep Learning
Fusion Computing Inc,AI,Deep Learning
Fusion Computing Inc,AI,Machine Learning
Fusion Computing Inc,AI,Artificial Intelligence
Fusion Computing Inc,AI,Data Analysis
Innova AI Pvt Ltd,Backend,Node.js
Innova AI Pvt Ltd,Backend,Java
Innova AI Pvt Ltd,Backend,Spring Boot
Fusion AI Corp,Data,Python
Fusion AI Corp,Data,Power BI
Fusion AI Corp,Data,Excel
Pioneer Data Solutions,AI,Artificial Intelligence
Pioneer Data Solutions,AI,Deep Learning
Pioneer Data Solutions,AI,Data Analysis
Core Tech Group,Data,Tableau
Core Tech Group,Data,Excel
Core Tech Group,Data,Python
Core Tech Group,Data,Power BI
Dynamic Solutions Group,Backend,Spring Boot
Dynamic Solutions Group,Backend,Java
Dynamic Solutions Group,Backend,Node.js
Vision AI Ltd,Cloud,DevOps
Vision AI Ltd,Cloud,Docker
Vision AI Ltd,Cloud,Kubernetes
Vision AI Ltd,Cloud,AWS
Vision AI Ltd,Cloud,Azure
Elite Software Group,Frontend,React
Elite Software Group,Frontend,CSS
Elite Software Group,Frontend,HTML
Bright Technologies Pvt Ltd,Frontend,CSS
Bright Technologies Pvt Ltd,Frontend,HTML
Bright Technologies Pvt Ltd,Frontend,React
Pioneer Technologies Technologies,Backend,Java
Pioneer Technologies Technologies,Backend,Node.js
Pioneer Technologies Technologies,Backend,Spring Boot
NextGen Systems Solutions,AI,Artificial Intelligence
NextGen Systems Solutions,AI,Deep Learning
NextGen Systems Solutions,AI,Data Analysis
Synergy Analytics Group,Data,Power BI
Synergy Analytics Group,Data,SQL
Synergy Analytics Group,Data,Tableau
Synergy Analytics Group,Data,Python
Synergy Analytics Group,Data,Excel
Global Software Corp,AI,Deep Learning
Global Software Corp,AI,Artificial Intelligence
Global Software Corp,AI,Machine Learning
Nova Tech Corp,Data,Power BI
Nova Tech Corp,Data,Python
Nova Tech Corp,Data,SQL
Rapid Data Corp,Frontend,React
Rapid Data Corp,Frontend,JavaScript
Rapid Data Corp,Frontend,CSS
Rapid Data Corp,Frontend,HTML
Prime Solutions Pvt Ltd,Cloud,AWS
Prime Solutions Pvt Ltd,Cloud,Kubernetes
Prime Solutions Pvt Ltd,Cloud,Docker
Prime Solutions Pvt Ltd,Cloud,DevOps
Vertex Infotech Inc,AI,Machine Learning
Vertex Infotech Inc,AI,Python
Vertex Infotech Inc,AI,Data Analysis
Quantum AI Pvt Ltd,Backend,SQL
Quantum AI Pvt Ltd,Backend,Java
Quantum AI Pvt Ltd,Backend,Spring Boot
Quantum AI Pvt Ltd,Backend,Node.js
Vision Technologies Solutions,Cloud,Azure
Vision Technologies Solutions,Cloud,Docker
Vision Technologies Solutions,Cloud,DevOps
Vision Technologies Solutions,Cloud,Kubernetes
Innova Software Group,Backend,Spring Boot
Innova Software Group,Backend,Java
Innova Software Group,Backend,Node.js
NextGen Infotech Systems,Cloud,Kubernetes
NextGen Infotech Systems,Cloud,AWS
NextGen Infotech Systems,Cloud,Azure
BlueCore Software Ltd,AI,Deep Learning
BlueCore Software Ltd,AI,Data Analysis
BlueCore Software Ltd,AI,Machine Learning
BlueCore Software Ltd,AI,Python
Skyline Labs Technologies,Data,Python
Skyline Labs Technologies,Data,Power BI
Skyline Labs Technologies,Data,Excel
Skyline Labs Technologies,Data,SQL
Vision Computing Pvt Ltd,Data,Excel
Vision Computing Pvt Ltd,Data,SQL
Vision Computing Pvt Ltd,Data,Tableau
Vision Computing Pvt Ltd,Data,Power BI
Nova Systems Technologies,Data,SQL
Nova Systems Technologies,Data,Excel
Nova Systems Technologies,Data,Python
Nova Systems Technologies,Data,Power BI
Core Tech Technologies,Frontend,JavaScript
Core Tech Technologies,Frontend,HTML
Core Tech Technologies,Frontend,CSS
Vision Software Group,AI,Python
Vision Software Group,AI,Artificial Intelligence
Vision Software Group,AI,Deep Learning
Vision Software Group,AI,Machine Learning
Pioneer Cloud Systems,AI,Data Analysis
Pioneer Cloud Systems,AI,Machine Learning
Pioneer Cloud Systems,AI,Artificial Intelligence
Fusion Analytics Solutions,Frontend,JavaScript
Fusion Analytics Solutions,Frontend,HTML
Fusion Analytics Solutions,Frontend,CSS
Bright Infotech Corp,AI,Machine Learning
Bright Infotech Corp,AI,Artificial Intelligence
Bright Infotech Corp,AI,Deep Learning
Bright Analytics Technologies,Backend,Java
Bright Analytics Technologies,Backend,Spring Boot
Bright Analytics Technologies,Backend,Node.js
Bright Analytics Technologies,Backend,SQL
Apex Labs Solutions,Frontend,React
Apex Labs Solutions,Frontend,JavaScript
Apex Labs Solutions,Frontend,CSS
Future Cloud Ltd,Cloud,DevOps
Future Cloud Ltd,Cloud,Kubernetes
Future Cloud Ltd,Cloud,Azure
Future Cloud Ltd,Cloud,Docker
